-- =============================================
-- Reference data
-- =============================================

insert into contact(contact_id, contact_type_code, title, last_name, first_name, middle_name, date_of_birth, place_of_birth, gender, marital_status, language_code, comments, created_by)
values (1, 'SOCIAL', 'Mr', 'Last', 'Jack', 'Middle', '2000-11-21', 'London', 'Male', 'SINGLE', 'ENG', 'Comment', 'TIM'),
       (2, 'SOCIAL', 'Miss', 'Last', 'Jacqueline', 'Middle', '2000-11-22', 'London', 'Female', 'SINGLE', 'ENG', 'Comment', 'TIM'),
       (3, 'OFFICIAL', 'Mrs', 'Last', 'Jane', 'Middle', '2000-11-23', 'London', 'Female', 'SINGLE', 'ENG', 'Comment', 'TIM');

insert into contact_nationality(contact_nationality_id, contact_id, nationality_code, created_by)
values (1, 1, 'GB', 'TIM'),
       (2, 2, 'GB', 'TIM'),
       (3, 3, 'GB', 'TIM');

insert into contact_identity(contact_identity_id, contact_id, identity_type, identity_value, created_by)
values (1, 1, 'DRIVING_LIC', 'LAST-87736799M', 'TIM'),
       (2, 2, 'PASSPORT', 'PP87878787878', 'TIM'),
       (3, 3, 'NI_NUMBER', 'NI989989AA', 'TIM');

insert into contact_address(contact_address_id, contact_id, address_type, primary_address, property, street, area, city_code, county_code, post_code, country_code, created_by)
values (1, 1, 'HOME', true, '24','Acacia Avenue', 'Bunting', 'SHEF', 'SYORKS', 'S2 3LK', 'UK', 'TIM'),
       (2, 2, 'HOME', true, '24','Acacia Avenue', 'Bunting', 'SHEF', 'SYORKS', 'S2 3LK', 'UK', 'TIM'),
       (3, 3, 'HOME', true, '24','Acacia Avenue', 'Bunting', 'SHEF', 'SYORKS', 'S2 3LK', 'UK', 'TIM');

insert into contact_phone(contact_phone_id, contact_id, phone_type, phone_number, primary_phone, created_by)
values (1, 1, 'MOBILE', '07878 111111', true, 'TIM'),
       (2, 2, 'MOBILE', '07878 222222', true, 'TIM'),
       (3, 3, 'MOBILE', '07878 222222', false, 'TIM');

insert into contact_email(contact_email_id, contact_id, email_type, email_address, primary_email, created_by)
values (1, 1, 'PERSONAL', 'mr.last@hotmail.com', true, 'TIM'),
       (2, 2, 'PERSONAL', 'miss.last@hotmail.com', true,  'TIM'),
       (3, 3, 'PERSONAL', 'mrs.last@hotmail.com', false, 'TIM');

insert into reference_codes(reference_code_id, group_code, code, description, created_by)
values (1, 'CONTACT_TYPE', 'SOCIAL', 'Social contact', 'TIM'),
       (2, 'CONTACT_TYPE', 'OFFICIAL', 'Official contact', 'TIM'),
       (3, 'MARITAL_STS', 'MARRIED', 'Married', 'TIM'),
       (4, 'MARITAL_STS', 'SINGLE', 'Single', 'TIM'),
       (5, 'MARITAL_STS', 'COHABIT', 'Cohabiting', 'TIM'),
       (6, 'MARITAL_STS', 'CIVIL', 'Civil partnership', 'TIM'),
       (7, 'LANGUAGE', 'FR', 'French', 'TIM'),
       (8, 'LANGUAGE', 'EN', 'English', 'TIM'),
       (9, 'LANGUAGE', 'FAR', 'Farsi', 'TIM'),
       (10, 'NATIONALITY', 'GB', 'British', 'TIM'),
       (11, 'NATIONALITY', 'FRENCH', 'French', 'TIM'),
       (12, 'NATIONALITY', 'CHIN', 'Chinese', 'TIM'),
       (13, 'NATIONALITY', 'RUS', 'Russian', 'TIM'),
       (14, 'ID_TYPE', 'DRIVING_LIC', 'Driving licence', 'TIM'),
       (15, 'ID_TYPE', 'PASSPORT', 'Passport number', 'TIM'),
       (16, 'ID_TYPE', 'NI_NUMBER', 'National insurance number', 'TIM'),
       (17, 'ADDRESS_TYPE', 'HOME', 'Home address', 'TIM'),
       (18, 'ADDRESS_TYPE', 'WORK', 'Work address', 'TIM'),
       (19, 'ADDRESS_TYPE', 'TEMP', 'Temporary address', 'TIM'),
       (20, 'ADDRESS_TYPE', 'NONE', 'No fixed address', 'TIM'),
       (21, 'CITY', 'SHEF', 'Sheffield', 'TIM'),
       (22, 'COUNTY', 'SYORKS', 'South Yorkshire', 'TIM'),
       (23, 'COUNTRY', 'UK', 'United Kingdom', 'TIM'),
       (24, 'EMAIL_TYPE', 'WORK', 'Work email', 'TIM'),
       (25, 'EMAIL_TYPE', 'PERSONAL', 'Personal email', 'TIM'),
       (26, 'PHONE_TYPE', 'WORK', 'Work phone', 'TIM'),
       (27, 'PHONE_TYPE', 'HOME', 'Home phone', 'TIM'),
       (28, 'PHONE_TYPE', 'MOBILE', 'Mobile phone', 'TIM'),
       (29, 'RESTRICTION', 'CHILDREN', 'No children', 'TIM'),
       (30, 'RESTRICTION', 'ESCORTED', 'Must be escorted', 'TIM'),
       (31, 'RELATIONSHIP', 'FATHER', 'Father', 'TIM'),
       (32, 'RELATIONSHIP', 'MOTHER', 'Mother', 'TIM'),
       (33, 'RELATIONSHIP', 'FRIEND', 'Friend', 'TIM');

insert into prisoner_contact (prisoner_contact_id, contact_id, prisoner_number, active, relationship_type, comments, created_at_prison, created_by, created_time)
values (1, 1, 'A1234BB', true, 'FATHER', 'Comment', 'MDI', 'TIM', current_timestamp);


Insert into nationality_reference (nationality_id, nationality_code, nationality_description, iso_numeric, iso_nationality_desc, display_sequence)
values
 (2, 'ALBA', 'Albanian', 8, 'Albanian', 99),
 (3, 'ALGE', 'Algerian', 12, 'Algerian', 99),
 (4, 'AMER', 'American', 840, 'American', 99),
 (5, 'ANDO', 'Andorran', 20, 'Andorran', 99),
 (6, 'ANGOL', 'Angolan', 24, 'Angolan', 99),
 (7, 'AG', 'Anguillan', 660, 'Anguillan', 99),
 (8, 'ANTIG', 'Antiguan, Barbudan', 28, 'Antiguan', 99),
 (9, 'ARGEN', 'Argentine', 32, 'Argentine', 99),
 (10, 'ARME', 'Armenian', 51, 'Armenian', 99),
 (11, 'AB', 'Aruban', 533, 'Arubian', 99),
 (12, 'AUSI', 'Australian', 36, 'Australian', 99),
 (13, 'AUST', 'Austrian', 40, 'Austrian', 99),
 (14, 'AZERB', 'Azerbaijani', 31, 'Azerbaijani', 99),
 (15, 'BAHR', 'Bahraini', 48, 'Bahrainian', 99),
 (16, 'BANGL', 'Bangladeshi', 50, 'Bangladeshi', 99),
 (17, 'BARB', 'Barbadian or Bajuns', 52, 'Barbadian', 99),
 (18, 'BELA', 'Belarusian', 112, 'Belarusian', 99),
 (19, 'BELG', 'Belgian', 56, 'Belgian', 99),
 (20, 'BELI', 'Belizean', 84, 'Belizean', 99),
 (21, 'BENI', 'Beninese', 204, 'Beninese', 99),
 (22, 'BM', 'Bermudian', 60, 'Bermudan', 99),
 (23, 'BHUT', 'Bhutanese', 64, 'Bhutanese', 99),
 (24, 'BOLI', 'Bolivian', 68, 'Bolivian', 99),
 (25, 'BOSNI', 'Bosnian, Herzegovinian', 70, 'Bosnian', 99),
 (26, 'BRAZ', 'Brazilian', 76, 'Brazilian', 99),
 (27, 'BRIT', 'British', 826, 'British', 1),
 (28, 'BRUN', 'Bruneian', 96, 'Bruneian', 99),
 (29, 'BULG', 'Bulgarian', 100, 'Bulgarian', 99),
 (30, 'HV', 'Burkinabe', 854, 'Burkinabe', 99),
 (31, 'BURU', 'Burundian', 108, 'Burundian', 99),
 (32, 'CAMB', 'Cambodian', 116, 'Cambodian', 99),
 (33, 'CAMER', 'Cameroonian', 120, 'Cameroonian', 99),
 (34, 'CANA', 'Canadian', 124, 'Canadian', 99),
 (35, 'CAVER', 'Cape Verdian', 132, 'Cape Verdean', 99),
 (36, 'KY', 'Caymanian', 136, 'Caymanian', 99),
 (37, 'CF', 'Central African', 140, 'Central African', 99),
 (38, 'CHAD', 'Chadian', 148, 'Chadian', 99),
 (39, 'CHIL', 'Chilean', 152, 'Chilean', 99),
 (40, 'CHINA', 'Chinese', 156, 'Chinese', 99),
 (41, 'CXR', 'Christmas Island', 162, 'Christmas Islander', 99),
 (42, 'COLO', 'Colombian', 170, 'Colombian', 99),
 (43, 'COMO', 'Comoran', 174, 'Comoran', 99),
 (44, 'CONG', 'Congolese', 178, 'Congolese', 99),
 (45, 'COND', 'Congolese (Congo, Democratic Republic)', 180, 'Congolese', 99),
 (46, 'COK', 'Cook Islander', 184, 'Cook Islander', 99),
 (47, 'COSRI', 'Costa Rican', 188, 'Costa Rican', 99),
 (48, 'CROAT', 'Croat', 191, 'Croatian', 99),
 (49, 'CUBA', 'Cuban', 192, 'Cuban', 99),
 (50, 'CYPR', 'Cypriot', 196, 'Cypriot', 99),
 (51, 'CZEC', 'Czech', 203, 'Czech', 99),
 (52, 'DANE', 'Danish', 208, 'Danish', 99),
 (53, 'DJIB', 'Djibouti', 262, 'Djiboutian', 99),
 (54, 'DOMI', 'Dominican', 214, 'Dominican', 99),
 (55, 'DUTCH', 'Dutch', 528, 'Dutch', 99),
 (56, 'ECUA', 'Ecuadorian', 218, 'Ecuadorean', 99),
 (57, 'EGYP', 'Egyptian', 818, 'Egyptian', 99),
 (58, 'EMIR', 'Emirian', 784, 'Emirian', 99),
 (59, 'EQUATO', 'Equatoguinean', 226, 'Equatorial Guinean', 99),
 (60, 'ERI', 'Eritrean', 232, 'Eritrean', 99),
 (61, 'ESTO', 'Estonian', 233, 'Estonian', 99),
 (62, 'ETHI', 'Ethiopian', 231, 'Ethiopian', 99),
 (63, 'FO', 'Faroese', 234, 'Faroese', 99),
 (64, 'FIJI', 'Fijian', 242, 'Fijian', 99),
 (65, 'FILIP', 'Filipino', 608, 'Filipino', 99),
 (66, 'FINN', 'Finnish', 246, 'Finnish', 99),
 (67, 'FREN', 'French', 250, 'French', 99),
 (68, 'FG', 'French Guyanese', 254, 'French Guianese', 99),
 (69, 'PYF', 'French Polynesian', 258, 'French Polynesian', 99),
 (70, 'GABO', 'Gabonese', 266, 'Gabonese', 99),
 (71, 'GAMB', 'Gambian', 270, 'Gambian', 99),
 (72, 'GE', 'Georgian', 268, 'Georgian', 99),
 (73, 'GERM', 'German', 276, 'German', 99),
 (74, 'GHAN', 'Ghanaian', 288, 'Ghanaian', 99),
 (75, 'GI', 'Gibraltar', 292, 'Gibraltarian', 99),
 (76, 'GREE', 'Greek', 300, 'Greek', 99),
 (77, 'GL', 'Greenlandic', 304, 'Greenlander', 99),
 (78, 'GREN', 'Grenadian', 308, 'Grenadian', 99),
 (79, 'GLP', 'Guadeloupe', 312, 'Guadeloupean', 99),
 (80, 'GU', 'Guamanian', 316, 'Guamanian', 99),
 (81, 'GUAT', 'Guatemalan', 320, 'Guatemalan', 99),
 (82, 'GUIN', 'Guinean', 324, 'Guinean', 99),
 (83, 'GUYA', 'Guyanese', 328, 'Guyanese', 99),
 (84, 'HAIT', 'Haitian', 332, 'Haitian', 99),
 (85, 'HOND', 'Honduran', 340, 'Honduran', 99),
 (86, 'HUNG', 'Hungarian', 348, 'Hungarian', 99),
 (87, 'CT', 'I-Kiribati', 296, 'I-Kiribati', 99),
 (88, 'ICE', 'Icelandic', 352, 'Icelander', 99),
 (89, 'INDI', 'Indian', 356, 'Indian', 99),
 (90, 'INDO', 'Indonesian', 360, 'Indonesian', 99),
 (91, 'IRAN', 'Iranian', 364, 'Iranian', 99),
 (92, 'IRAQ', 'Iraqi', 368, 'Iraqi', 99),
 (93, 'IRISH', 'Irish', 372, 'Irish', 2),
 (94, 'ISRA', 'Israeli', 376, 'Israeli', 99),
 (95, 'ITAL', 'Italian', 380, 'Italian', 99),
 (96, 'IVOR', 'Ivorian', 384, 'Ivorian', 99),
 (97, 'JAM', 'Jamaican', 388, 'Jamaican', 99),
 (98, 'JAP', 'Japanese', 392, 'Japanese', 99),
 (99, 'JORD', 'Jordanian', 400, 'Jordanian', 99),
 (100, 'KAZA', 'Kazakhstani', 398, 'Kazakhstani', 99),
 (101, 'KENY', 'Kenyan', 404, 'Kenyan', 99),
 (102, 'SW', 'Kittitian or Nevisian', 659, 'Kittian', 99),
 (103, 'KUWA', 'Kuwaiti', 414, 'Kuwaiti', 99),
 (104, 'KN', 'Kyrgyzstani', 417, 'Kyrgyzstani', 99),
 (105, 'LA', 'Laotian', 418, 'Laotian', 99),
 (106, 'LATV', 'Latvian', 428, 'Latvian', 99),
 (107, 'LEBA', 'Lebanese', 422, 'Lebanese', 99),
 (108, 'LIBE', 'Liberian', 430, 'Liberian', 99),
 (109, 'LIBY', 'Libyan', 434, 'Libyan', 99),
 (110, 'LIEC', 'Liechtensteiner', 438, 'Liechtensteiner', 99),
 (111, 'LITHU', 'Lithuanian', 440, 'Lithunian', 99),
 (112, 'LUX', 'Luxembourger', 442, 'Luxembourger', 99),
 (113, 'MACE', 'Macedonian', 807, 'Macedonian', 99),
 (114, 'MO', 'Mahoran', 175, 'Mahoran', 99),
 (115, 'MG', 'Malagasy', 450, 'Malagasy', 99),
 (116, 'MLAW', 'Malawian', 454, 'Malawian', 99),
 (117, 'MALA', 'Malaysian', 458, 'Malaysian', 99),
 (118, 'MALD', 'Maldivian', 462, 'Maldivan', 99),
 (119, 'ML', 'Malian', 466, 'Malian', 99),
 (120, 'MALT', 'Maltese', 470, 'Maltese', 99),
 (121, 'MAR', 'Marshallese', 584, 'Marshallese', 99),
 (122, 'MARI', 'Mauritanian', 478, 'Mauritanian', 99),
 (123, 'MAUR', 'Mauritian', 480, 'Mauritian', 99),
 (124, 'MEXI', 'Mexican', 484, 'Mexican', 99),
 (125, 'MICR', 'Micronesian', 583, 'Micronesian', 99),
 (126, 'MOLD', 'Moldovan', 498, 'Moldovan', 99),
 (127, 'MONA', 'Monacan', 492, 'Monacan', 99),
 (128, 'MONGO', 'Mongolian', 496, 'Mongolian', 99),
 (129, 'MNE', 'Montenegrin', 499, 'Montenegrin', 99),
 (130, 'MS', 'Montserratian', 500, 'Montserratian', 99),
 (131, 'MORO', 'Moroccan', 504, 'Moroccan', 99),
 (132, 'MOTS', 'Motswana', 72, 'Motswana', 99),
 (133, 'MOZA', 'Mozambican', 508, 'Mozambican', 99),
 (134, 'NAMI', 'Namibian', 516, 'Namibian', 99),
 (135, 'NAUR', 'Nauruan', 520, 'Nauruan', 99),
 (136, 'NEPA', 'Nepalese', 524, 'Nepalese', 99),
 (137, 'NCL', 'New Caledonian', 540, 'New Caledonian', 99),
 (138, 'NZEA', 'New Zealander', 554, 'New Zealander', 99),
 (139, 'VY', 'Ni-Vanuata', 548, 'Ni-Vanuatu', 99),
 (140, 'NICA', 'Nicaraguan', 558, 'Nicaraguan', 99),
 (141, 'NIGERIA', 'Nigerian', 566, 'Nigerian', 99),
 (142, 'NIGER', 'Nigerien', 562, 'Nigerien', 99),
 (143, 'NIU', 'Niuean', 570, 'Niuean', 99),
 (144, 'NFK', 'Norfolk Islander', 574, 'Norfolk Islander', 99),
 (145, 'NKOR', 'North Korean', 408, 'North Korean', 99),
 (146, 'NORW', 'Norwegian', 578, 'Norwegian', 99),
 (147, 'OMAN', 'Omani', 512, 'Omani', 99),
 (148, 'PAKN', 'Pakistani', 586, 'Pakistani', 99),
 (149, 'PALA', 'Palauan', 585, 'Palauan', 99),
 (150, 'PSE', 'Palestinian', 275, 'Palestinian', 99),
 (151, 'PANA', 'Panamanian', 591, 'Panamanian', 99),
 (152, 'PNGU', 'Papua New Guinean', 598, 'Papua New Guinean', 99),
 (153, 'PARA', 'Paraguayan', 600, 'Paraguayan', 99),
 (154, 'PERU', 'Peruvian', 604, 'Peruvian', 99),
 (155, 'PCN', 'Pitcairn Islander', 612, 'Pitcairn Islander', 99),
 (156, 'POLE', 'Polish', 616, 'Polish', 99),
 (157, 'PORTU', 'Portuguese', 620, 'Portuguese', 99),
 (158, 'PRI', 'Puerto Rican', 630, 'Puerto Rican', 99),
 (159, 'QUAT', 'Qatari', 634, 'Qatari', 99),
 (160, 'ROMA', 'Romanian', 642, 'Romanian', 99),
 (161, 'RUSS', 'Russian', 643, 'Russian', 99),
 (162, 'RWAN', 'Rwandan', 646, 'Rwandan', 99),
 (163, 'SH', 'Saint Helenian', 654, 'Saint Helenian', 99),
 (164, 'STLU', 'Saint Lucian', 662, 'Saint Lucian', 99),
 (165, 'SALV', 'Salvadoran', 222, 'Salvadorean', 99),
 (166, 'SAMO', 'Samoan', 16, 'Samoan', 99),
 (167, 'SANM', 'San Marinese', 674, 'Sanmarinese', 99),
 (168, 'SAARA', 'Saudi Arabian', 682, 'Saudi Arabian', 99),
 (169, 'SENE', 'Senegalese', 686, 'Senegalese', 99),
 (170, 'SRB', 'Serb', 688, 'Serbian', 99),
 (171, 'SEYC', 'Seychellois', 690, 'Seychellois', 99),
 (172, 'SILE', 'Sierra Leonean', 694, 'Sierra Leonean', 99),
 (173, 'SING', 'Singaporean', 702, 'Singaporean', 99),
 (174, 'SLOV', 'Slovak', 703, 'Slovakian', 99),
 (175, 'SLENE', 'Slovene', 705, 'Slovenian', 99),
 (176, 'SOLO', 'Solomon Islander', 90, 'Solomon Islander', 99),
 (177, 'SOMA', 'Somalian', 706, 'Somali', 99),
 (178, 'SOAFR', 'South African', 710, 'South African', 99),
 (179, 'SKOR', 'South Korean', 410, 'South Korean', 99),
 (180, 'SPAN', 'Spaniard', 724, 'Spanish', 99),
 (181, 'SRIL', 'Sri Lankan', 144, 'Sri Lankan', 99),
 (182, 'SUDAN', 'Sudanese', 729, 'Sudanese', 99),
 (183, 'SURIN', 'Surinamer', 740, 'Surinamer', 99),
 (184, 'SWAZI', 'Swazi', 748, 'Swazi', 99),
 (185, 'SWEDE', 'Swede', 752, 'Swedish', 99),
 (186, 'SWIS', 'Swiss', 756, 'Swiss', 99),
 (187, 'SYRI', 'Syrian', 760, 'Syrian', 99),
 (188, 'TAIW', 'Taiwanese', 158, 'Taiwanese', 99),
 (189, 'TA', 'Tajikistani', 762, 'Tajikistani', 99),
 (190, 'TANZ', 'Tanzanian', 834, 'Tanzanian', 99),
 (191, 'THAI', 'Thai', 764, 'Thai', 99),
 (192, 'TOGO', 'Togolese', 768, 'Togolese', 99),
 (193, 'TKL', 'Tokelauan', 772, 'Tokelauan', 99),
 (194, 'TNGA', 'Tongan', 776, 'Tongan', 99),
 (195, 'TRIN', 'Trinidadian, Tobagonian', 780, 'Trinidadian', 99),
 (196, 'TUNI', 'Tunisian', 788, 'Tunisian', 99),
 (197, 'TURK', 'Turk', 792, 'Turkish', 99),
 (198, 'TU', 'Turkmen', 795, 'Turkmen', 99),
 (199, 'TV', 'Tuvaluan', 798, 'Tuvaluan', 99),
 (200, 'UGAN', 'Ugandan', 800, 'Ugandan', 99),
 (201, 'UKRA', 'Ukrainian', 804, 'Ukrainian', 99),
 (202, 'URUG', 'Uruguayan', 858, 'Uruguayan', 99),
 (203, 'UZBE', 'Uzbekistani', 860, 'Uzbekistani', 99),
 (204, 'VENE', 'Venezuelan', 862, 'Venezuelan', 99),
 (205, 'VIET', 'Vietnamese', 704, 'Vietnamese', 99),
 (206, 'VG', 'Virgin Islander', 92, 'Virgin Islander', 99),
 (207, 'YEMIN', 'Yemenite', 887, 'Yemeni', 99),
 (208, 'ZAM', 'Zambian', 894, 'Zambian', 99),
 (209, 'ZIM', 'Zimbabwean', 716, 'Zimbabwean', 99),
 (210, 'AXL', '≈landic', 248, '≈landic', 99),
 (211, 'AQT', 'Antarctic', 10, 'Antarctic', 99),
 (212, 'BSE', 'Bahameese', 44, 'Bahameese', 99),
 (213, 'BLE', 'BarthÈlemois', 652, 'BarthÈlemois', 99),
 (214, 'CCI', 'Cocossian', 166, 'Cocossian', 99),
 (215, 'CWA', 'CuraÁaoan', 531, 'CuraÁaoan', 99),
 (216, 'DMN', 'Dominican', 212, 'Dominican', 99),
 (217, 'FKI', 'Falkland Islander', 238, 'Falkland Islander', 99),
 (218, 'GWB', 'Guinean', 624, 'Guinean', 99),
 (219, 'HOK', 'Hong Konger', 344, 'Hong Konger', 99),
 (220, 'MOE', 'Macanese', 446, 'Macanese', 99),
 (221, 'IOM', 'Manx', 833, 'Manx', 99),
 (222, 'MQN', 'Martinican', 474, 'Martinican', 99),
 (223, 'LSO', 'Mosotho', 426, 'Mosotho', 99),
 (224, 'UMM', 'Myanmarese', 104, 'Myanmarese', 99),
 (225, 'NMP', 'Northern Mariana Islander', 580, 'Northern Mariana Islander', 99),
 (226, 'STP', 'S„o Tomean', 678, 'S„o Tomean', 99),
 (227, 'SVG', 'Saint Vincentian', 670, 'Saint Vincentian', 99),
 (228, 'SPM', 'Saint-Pierrais', 666, 'Saint-Pierrais', 99),
 (229, 'WSO', 'Samoan', 882, 'Samoan', 99),
 (230, 'SSD', 'Sudanese', 728, 'Sudanese', 99),
 (231, 'TIL', 'Timorese', 626, 'Timorese', 99),
 (232, 'TCI', 'Turks and Caicos Islander', 796, 'Turks and Caicos Islander', 99),
 (233, 'VGI', 'Virgin Islander', 850, 'Virgin Islander', 99),
 (234, 'WFI', 'Wallisian', 876, 'Wallisian', 99),
 (235, 'ESH', 'Western Saharan', 732, 'Western Saharan', 99),
 (236, 'ASM', 'American Samoan',1000 , 'nomis only 0', 99),
 (237, 'BAHA', 'Bahamian',1001 , 'nomis only 1', 99),
 (238, 'LS', 'Basotho', 1002 , 'nomis only 2', 99 ),
 (239, 'BURM', 'Burmese', 1003 , 'nomis only 3', 99 ),
 (240, 'CCK', 'Cocos Islander', 1004 , 'nomis only 4', 99 ),
 (241, 'CONR', 'Congolese (Congo, Republic of)', 1005 , 'nomis only 5', 99 ),
 (242, 'AN', 'Dutch Antillean', 1006 , 'nomis only 6', 99 ),
 (243, 'EATIM', 'East Timorese', 1007 , 'nomis only 7', 99 ),
 (244, 'KOS', 'Kosovan', 1008 , 'nomis only 8', 99 ),
 (245, 'MTQ', 'Martiniquais', 1009 , 'nomis only 9', 99 ),
 (246, 'REF', 'Refused', 1010 , 'nomis only 10', 99 ),
 (247, 'REU', 'Reunionese', 1011 , 'nomis only 11', 99 ),
 (248, 'WA', 'Sahrawi', 1012 , 'nomis only 12', 99 ),
 (249, 'STP', 'Sao Tomean', 1013 , 'nomis only 13', 99 ),
 (250, 'SECR', 'Serb or Croat', 1014 , 'nomis only 14', 99 ),
 (251, 'SSUDAN', 'South Sudanese', 1015 , 'nomis only 15', 99 ),
 (252, 'STATE', 'Stateless', 1016 , 'nomis only 16', 99 ),
 (253, 'UNKNOWN', 'Unknown', 1017 , 'nomis only 17', 99 ),
 (254, 'VC', 'Vincentian', 1018 , 'nomis only 18', 99 );

-- End