-- =============================================
-- Reference data
-- =============================================

insert into contact(contact_id, contact_type_code, title, last_name, first_name, middle_name, date_of_birth, place_of_birth, gender, marital_status, language_code, comments, created_by)
values (1, 'SOCIAL', 'Mr', 'Last', 'Jack', 'Middle', '2000-11-21', 'London', 'Male', 'SINGLE', 'ENG', 'Comment', 'TIM'),
       (2, 'SOCIAL', 'Miss', 'Last', 'Jacqueline', 'Middle', '2000-11-22', 'London', 'Female', 'SINGLE', 'ENG', 'Comment', 'TIM'),
       (3, 'OFFICIAL', 'Mrs', 'Last', 'Jane', 'Middle', '2000-11-23', 'London', 'Female', 'SINGLE', 'ENG', 'Comment', 'TIM');

insert into contact_nationality(contact_nationality_id, contact_id, nationality_code, created_by)
values (1, 1, 'GB', 'TIM'),
       (2, 2, 'GB', 'TIM'),
       (3, 3, 'GB', 'TIM');

insert into contact_identity(contact_identity_id, contact_id, identity_type, identity_value, created_by)
values (1, 1, 'DRIVING_LIC', 'LAST-87736799M', 'TIM'),
       (2, 2, 'PASSPORT', 'PP87878787878', 'TIM'),
       (3, 3, 'NI_NUMBER', 'NI989989AA', 'TIM');

insert into contact_address(contact_address_id, contact_id, address_type, primary_address, property, street, area, city_code, county_code, post_code, country_code, created_by)
values (1, 1, 'HOME', true, '24','Acacia Avenue', 'Bunting', 'SHEF', 'SYORKS', 'S2 3LK', 'UK', 'TIM'),
       (2, 2, 'HOME', true, '24','Acacia Avenue', 'Bunting', 'SHEF', 'SYORKS', 'S2 3LK', 'UK', 'TIM'),
       (3, 3, 'HOME', true, '24','Acacia Avenue', 'Bunting', 'SHEF', 'SYORKS', 'S2 3LK', 'UK', 'TIM');

insert into contact_phone(contact_phone_id, contact_id, phone_type, phone_number, primary_phone, created_by)
values (1, 1, 'MOBILE', '07878 111111', true, 'TIM'),
       (2, 2, 'MOBILE', '07878 222222', true, 'TIM'),
       (3, 3, 'MOBILE', '07878 222222', false, 'TIM');

insert into contact_email(contact_email_id, contact_id, email_type, email_address, primary_email, created_by)
values (1, 1, 'PERSONAL', 'mr.last@hotmail.com', true, 'TIM'),
       (2, 2, 'PERSONAL', 'miss.last@hotmail.com', true,  'TIM'),
       (3, 3, 'PERSONAL', 'mrs.last@hotmail.com', false, 'TIM');

insert into reference_codes(reference_code_id, group_code, code, description, created_by)
values (1, 'CONTACT_TYPE', 'SOCIAL', 'Social contact', 'TIM'),
       (2, 'CONTACT_TYPE', 'OFFICIAL', 'Official contact', 'TIM'),
       (3, 'MARITAL_STS', 'MARRIED', 'Married', 'TIM'),
       (4, 'MARITAL_STS', 'SINGLE', 'Single', 'TIM'),
       (5, 'MARITAL_STS', 'COHABIT', 'Cohabiting', 'TIM'),
       (6, 'MARITAL_STS', 'CIVIL', 'Civil partnership', 'TIM'),
       (7, 'LANGUAGE', 'FR', 'French', 'TIM'),
       (8, 'LANGUAGE', 'EN', 'English', 'TIM'),
       (9, 'LANGUAGE', 'FAR', 'Farsi', 'TIM'),
       (10, 'NATIONALITY', 'GB', 'British', 'TIM'),
       (11, 'NATIONALITY', 'FRENCH', 'French', 'TIM'),
       (12, 'NATIONALITY', 'CHIN', 'Chinese', 'TIM'),
       (13, 'NATIONALITY', 'RUS', 'Russian', 'TIM'),
       (14, 'ID_TYPE', 'DRIVING_LIC', 'Driving licence', 'TIM'),
       (15, 'ID_TYPE', 'PASSPORT', 'Passport number', 'TIM'),
       (16, 'ID_TYPE', 'NI_NUMBER', 'National insurance number', 'TIM'),
       (17, 'ADDRESS_TYPE', 'HOME', 'Home address', 'TIM'),
       (18, 'ADDRESS_TYPE', 'WORK', 'Work address', 'TIM'),
       (19, 'ADDRESS_TYPE', 'TEMP', 'Temporary address', 'TIM'),
       (20, 'ADDRESS_TYPE', 'NONE', 'No fixed address', 'TIM'),
       (21, 'CITY', 'SHEF', 'Sheffield', 'TIM'),
       (22, 'COUNTY', 'SYORKS', 'South Yorkshire', 'TIM'),
       (23, 'COUNTRY', 'UK', 'United Kingdom', 'TIM'),
       (24, 'EMAIL_TYPE', 'WORK', 'Work email', 'TIM'),
       (25, 'EMAIL_TYPE', 'PERSONAL', 'Personal email', 'TIM'),
       (26, 'PHONE_TYPE', 'WORK', 'Work phone', 'TIM'),
       (27, 'PHONE_TYPE', 'HOME', 'Home phone', 'TIM'),
       (28, 'PHONE_TYPE', 'MOBILE', 'Mobile phone', 'TIM'),
       (29, 'RESTRICTION', 'CHILDREN', 'No children', 'TIM'),
       (30, 'RESTRICTION', 'ESCORTED', 'Must be escorted', 'TIM'),
       (31, 'RELATIONSHIP', 'FATHER', 'Father', 'TIM'),
       (32, 'RELATIONSHIP', 'MOTHER', 'Mother', 'TIM'),
       (33, 'RELATIONSHIP', 'FRIEND', 'Friend', 'TIM');

insert into prisoner_contact (prisoner_contact_id, contact_id, prisoner_number, active, relationship_type, comments, created_at_prison, created_by, created_time)
values (1, 1, 'A1234BB', true, 'FATHER', 'Comment', 'MDI', 'TIM', current_timestamp);


Insert into nationality_reference (nationality_id, nomis_code, nomis_description, iso_numeric, iso_alpha2, iso_alpha3, iso_nationality_desc, display_sequence)
values
        (1, 'AFGA', 'Afghan', 4, 'AF', 'AFG', 'Afghani', 99),
        (2, 'ALBA', 'Albanian', 8, 'AL', 'ALB', 'Albanian', 99),
        (3, 'ALGE', 'Algerian', 12, 'DZ', 'DZA', 'Algerian', 99),
        (4, 'AMER', 'American', 840, 'US', 'USA', 'American', 99),
        (5, 'ANDO', 'Andorran', 20, 'AD', 'AND', 'Andorran', 99),
        (6, 'ANGOL', 'Angolan', 24, 'AO', 'AGO', 'Angolan', 99),
        (7, 'AG', 'Anguillan', 660, 'AI', 'AIA', 'Anguillan', 99),
        (8, 'ANTIG', 'Antiguan, Barbudan', 28, 'AG', 'ATG', 'Antiguan', 99),
        (9, 'ARGEN', 'Argentine', 32, 'AR', 'ARG', 'Argentine', 99),
        (10, 'ARME', 'Armenian', 51, 'AM', 'ARM', 'Armenian', 99),
        (11, 'AB', 'Aruban', 533, 'AW', 'ABW', 'Arubian', 99),
        (12, 'AUSI', 'Australian', 36, 'AU', 'AUS', 'Australian', 99),
        (13, 'AUST', 'Austrian', 40, 'AT', 'AUT', 'Austrian', 99),
        (14, 'AZERB', 'Azerbaijani', 31, 'AZ', 'AZE', 'Azerbaijani', 99),
        (15, 'BAHR', 'Bahraini', 48, 'BH', 'BHR', 'Bahrainian', 99),
        (16, 'BANGL', 'Bangladeshi', 50, 'BD', 'BGD', 'Bangladeshi', 99),
        (17, 'BARB', 'Barbadian or Bajuns', 52, 'BB', 'BRB', 'Barbadian', 99),
        (18, 'BELA', 'Belarusian', 112, 'BY', 'BLR', 'Belarusian', 99),
        (19, 'BELG', 'Belgian', 56, 'BE', 'BEL', 'Belgian', 99),
        (20, 'BELI', 'Belizean', 84, 'BZ', 'BLZ', 'Belizean', 99),
        (21, 'BENI', 'Beninese', 204, 'BJ', 'BEN', 'Beninese', 99),
        (22, 'BM', 'Bermudian', 60, 'BM', 'BMU', 'Bermudan', 99),
        (23, 'BHUT', 'Bhutanese', 64, 'BT', 'BTN', 'Bhutanese', 99),
        (24, 'BOLI', 'Bolivian', 68, 'BO', 'BOL', 'Bolivian', 99),
        (25, 'BOSNI', 'Bosnian, Herzegovinian', 70, 'BA', 'BIH', 'Bosnian', 99),
        (26, 'BRAZ', 'Brazilian', 76, 'BR', 'BRA', 'Brazilian', 99),
        (27, 'BRIT', 'British', 826, 'GB', 'GBR', 'British', 1),
        (28, 'BRUN', 'Bruneian', 96, 'BN', 'BRN', 'Bruneian', 99),
        (29, 'BULG', 'Bulgarian', 100, 'BG', 'BGR', 'Bulgarian', 99),
        (30, 'HV', 'Burkinabe', 854, 'BF', 'BFA', 'Burkinabe', 99),
        (31, 'BURU', 'Burundian', 108, 'BI', 'BDI', 'Burundian', 99),
        (32, 'CAMB', 'Cambodian', 116, 'KH', 'KHM', 'Cambodian', 99),
        (33, 'CAMER', 'Cameroonian', 120, 'CM', 'CMR', 'Cameroonian', 99),
        (34, 'CANA', 'Canadian', 124, 'CA', 'CAN', 'Canadian', 99),
        (35, 'CAVER', 'Cape Verdian', 132, 'CV', 'CPV', 'Cape Verdean', 99),
        (36, 'KY', 'Caymanian', 136, 'KY', 'CYM', 'Caymanian', 99),
        (37, 'CF', 'Central African', 140, 'CF', 'CAF', 'Central African', 99),
        (38, 'CHAD', 'Chadian', 148, 'TD', 'TCD', 'Chadian', 99),
        (39, 'CHIL', 'Chilean', 152, 'CL', 'CHL', 'Chilean', 99),
        (40, 'CHINA', 'Chinese', 156, 'CN', 'CHN', 'Chinese', 99),
        (41, 'CXR', 'Christmas Island', 162, 'CX', 'CXR', 'Christmas Islander', 99),
        (42, 'COLO', 'Colombian', 170, 'CO', 'COL', 'Colombian', 99),
        (43, 'COMO', 'Comoran', 174, 'KM', 'COM', 'Comoran', 99),
        (44, 'CONG', 'Congolese', 178, 'CG', 'COG', 'Congolese', 99),
        (45, 'COND', 'Congolese (Congo, Democratic Republic)', 180, 'CD', 'COD', 'Congolese', 99),
        (46, 'COK', 'Cook Islander', 184, 'CK', 'COK', 'Cook Islander', 99),
        (47, 'COSRI', 'Costa Rican', 188, 'CR', 'CRI', 'Costa Rican', 99),
        (48, 'CROAT', 'Croat', 191, 'HR', 'HRV', 'Croatian', 99),
        (49, 'CUBA', 'Cuban', 192, 'CU', 'CUB', 'Cuban', 99),
        (50, 'CYPR', 'Cypriot', 196, 'CY', 'CYP', 'Cypriot', 99),
        (51, 'CZEC', 'Czech', 203, 'CZ', 'CZE', 'Czech', 99),
        (52, 'DANE', 'Danish', 208, 'DK', 'DNK', 'Danish', 99),
        (53, 'DJIB', 'Djibouti', 262, 'DJ', 'DJI', 'Djiboutian', 99),
        (54, 'DOMI', 'Dominican', 214, 'DO', 'DOM', 'Dominican', 99),
        (55, 'DUTCH', 'Dutch', 528, 'NL', 'NLD', 'Dutch', 99),
        (56, 'ECUA', 'Ecuadorian', 218, 'EC', 'ECU', 'Ecuadorean', 99),
        (57, 'EGYP', 'Egyptian', 818, 'EG', 'EGY', 'Egyptian', 99),
        (58, 'EMIR', 'Emirian', 784, 'AE', 'ARE', 'Emirian', 99),
        (59, 'EQUATO', 'Equatoguinean', 226, 'GQ', 'GNQ', 'Equatorial Guinean', 99),
        (60, 'ERI', 'Eritrean', 232, 'ER', 'ERI', 'Eritrean', 99),
        (61, 'ESTO', 'Estonian', 233, 'EE', 'EST', 'Estonian', 99),
        (62, 'ETHI', 'Ethiopian', 231, 'ET', 'ETH', 'Ethiopian', 99),
        (63, 'FO', 'Faroese', 234, 'FO', 'FRO', 'Faroese', 99),
        (64, 'FIJI', 'Fijian', 242, 'FJ', 'FJI', 'Fijian', 99),
        (65, 'FILIP', 'Filipino', 608, 'PH', 'PHL', 'Filipino', 99),
        (66, 'FINN', 'Finnish', 246, 'FI', 'FIN', 'Finnish', 99),
        (67, 'FREN', 'French', 250, 'FR', 'FRA', 'French', 99),
        (68, 'FG', 'French Guyanese', 254, 'GF', 'GUF', 'French Guianese', 99),
        (69, 'PYF', 'French Polynesian', 258, 'PF', 'PYF', 'French Polynesian', 99),
        (70, 'GABO', 'Gabonese', 266, 'GA', 'GAB', 'Gabonese', 99),
        (71, 'GAMB', 'Gambian', 270, 'GM', 'GMB', 'Gambian', 99),
        (72, 'GE', 'Georgian', 268, 'GE', 'GEO', 'Georgian', 99),
        (73, 'GERM', 'German', 276, 'DE', 'DEU', 'German', 99),
        (74, 'GHAN', 'Ghanaian', 288, 'GH', 'GHA', 'Ghanaian', 99),
        (75, 'GI', 'Gibraltar', 292, 'GI', 'GIB', 'Gibraltarian', 99),
        (76, 'GREE', 'Greek', 300, 'GR', 'GRC', 'Greek', 99),
        (77, 'GL', 'Greenlandic', 304, 'GL', 'GRL', 'Greenlander', 99),
        (78, 'GREN', 'Grenadian', 308, 'GD', 'GRD', 'Grenadian', 99),
        (79, 'GLP', 'Guadeloupe', 312, 'GP', 'GLP', 'Guadeloupean', 99),
        (80, 'GU', 'Guamanian', 316, 'GU', 'GUM', 'Guamanian', 99),
        (81, 'GUAT', 'Guatemalan', 320, 'GT', 'GTM', 'Guatemalan', 99),
        (82, 'GUIN', 'Guinean', 324, 'GN', 'GIN', 'Guinean', 99),
        (83, 'GUYA', 'Guyanese', 328, 'GY', 'GUY', 'Guyanese', 99),
        (84, 'HAIT', 'Haitian', 332, 'HT', 'HTI', 'Haitian', 99),
        (85, 'HOND', 'Honduran', 340, 'HN', 'HND', 'Honduran', 99),
        (86, 'HUNG', 'Hungarian', 348, 'HU', 'HUN', 'Hungarian', 99),
        (87, 'CT', 'I-Kiribati', 296, 'KI', 'KIR', 'I-Kiribati', 99),
        (88, 'ICE', 'Icelandic', 352, 'IS', 'ISL', 'Icelander', 99),
        (89, 'INDI', 'Indian', 356, 'IN', 'IND', 'Indian', 99),
        (90, 'INDO', 'Indonesian', 360, 'ID', 'IDN', 'Indonesian', 99),
        (91, 'IRAN', 'Iranian', 364, 'IR', 'IRN', 'Iranian', 99),
        (92, 'IRAQ', 'Iraqi', 368, 'IQ', 'IRQ', 'Iraqi', 99),
        (93, 'IRISH', 'Irish', 372, 'IE', 'IRL', 'Irish', 2),
        (94, 'ISRA', 'Israeli', 376, 'IL', 'ISR', 'Israeli', 99),
        (95, 'ITAL', 'Italian', 380, 'IT', 'ITA', 'Italian', 99),
        (96, 'IVOR', 'Ivorian', 384, 'CI', 'CIV', 'Ivorian', 99),
        (97, 'JAM', 'Jamaican', 388, 'JM', 'JAM', 'Jamaican', 99),
        (98, 'JAP', 'Japanese', 392, 'JP', 'JPN', 'Japanese', 99),
        (99, 'JORD', 'Jordanian', 400, 'JO', 'JOR', 'Jordanian', 99),
        (100, 'KAZA', 'Kazakhstani', 398, 'KZ', 'KAZ', 'Kazakhstani', 99),
        (101, 'KENY', 'Kenyan', 404, 'KE', 'KEN', 'Kenyan', 99),
        (102, 'SW', 'Kittitian or Nevisian', 659, 'KN', 'KNA', 'Kittian', 99),
        (103, 'KUWA', 'Kuwaiti', 414, 'KW', 'KWT', 'Kuwaiti', 99),
        (104, 'KN', 'Kyrgyzstani', 417, 'KG', 'KGZ', 'Kyrgyzstani', 99),
        (105, 'LA', 'Laotian', 418, 'LA', 'LAO', 'Laotian', 99),
        (106, 'LATV', 'Latvian', 428, 'LV', 'LVA', 'Latvian', 99),
        (107, 'LEBA', 'Lebanese', 422, 'LB', 'LBN', 'Lebanese', 99),
        (108, 'LIBE', 'Liberian', 430, 'LR', 'LBR', 'Liberian', 99),
        (109, 'LIBY', 'Libyan', 434, 'LY', 'LBY', 'Libyan', 99),
        (110, 'LIEC', 'Liechtensteiner', 438, 'LI', 'LIE', 'Liechtensteiner', 99),
        (111, 'LITHU', 'Lithuanian', 440, 'LT', 'LTU', 'Lithunian', 99),
        (112, 'LUX', 'Luxembourger', 442, 'LU', 'LUX', 'Luxembourger', 99),
        (113, 'MACE', 'Macedonian', 807, 'MK', 'MKD', 'Macedonian', 99),
        (114, 'MO', 'Mahoran', 175, 'YT', 'MYT', 'Mahoran', 99),
        (115, 'MG', 'Malagasy', 450, 'MG', 'MDG', 'Malagasy', 99),
        (116, 'MLAW', 'Malawian', 454, 'MW', 'MWI', 'Malawian', 99),
        (117, 'MALA', 'Malaysian', 458, 'MY', 'MYS', 'Malaysian', 99),
        (118, 'MALD', 'Maldivian', 462, 'MV', 'MDV', 'Maldivan', 99),
        (119, 'ML', 'Malian', 466, 'ML', 'MLI', 'Malian', 99),
        (120, 'MALT', 'Maltese', 470, 'MT', 'MLT', 'Maltese', 99),
        (121, 'MAR', 'Marshallese', 584, 'MH', 'MHL', 'Marshallese', 99),
        (122, 'MARI', 'Mauritanian', 478, 'MR', 'MRT', 'Mauritanian', 99),
        (123, 'MAUR', 'Mauritian', 480, 'MU', 'MUS', 'Mauritian', 99),
        (124, 'MEXI', 'Mexican', 484, 'MX', 'MEX', 'Mexican', 99),
        (125, 'MICR', 'Micronesian', 583, 'FM', 'FSM', 'Micronesian', 99),
        (126, 'MOLD', 'Moldovan', 498, 'MD', 'MDA', 'Moldovan', 99),
        (127, 'MONA', 'Monacan', 492, 'MC', 'MCO', 'Monacan', 99),
        (128, 'MONGO', 'Mongolian', 496, 'MN', 'MNG', 'Mongolian', 99),
        (129, 'MNE', 'Montenegrin', 499, 'ME', 'MNE', 'Montenegrin', 99),
        (130, 'MS', 'Montserratian', 500, 'MS', 'MSR', 'Montserratian', 99),
        (131, 'MORO', 'Moroccan', 504, 'MA', 'MAR', 'Moroccan', 99),
        (132, 'MOTS', 'Motswana', 72, 'BW', 'BWA', 'Motswana', 99),
        (133, 'MOZA', 'Mozambican', 508, 'MZ', 'MOZ', 'Mozambican', 99),
        (134, 'NAMI', 'Namibian', 516, 'NA', 'NAM', 'Namibian', 99),
        (135, 'NAUR', 'Nauruan', 520, 'NR', 'NRU', 'Nauruan', 99),
        (136, 'NEPA', 'Nepalese', 524, 'NP', 'NPL', 'Nepalese', 99),
        (137, 'NCL', 'New Caledonian', 540, 'NC', 'NCL', 'New Caledonian', 99),
        (138, 'NZEA', 'New Zealander', 554, 'NZ', 'NZL', 'New Zealander', 99),
        (139, 'VY', 'Ni-Vanuata', 548, 'VU', 'VUT', 'Ni-Vanuatu', 99),
        (140, 'NICA', 'Nicaraguan', 558, 'NI', 'NIC', 'Nicaraguan', 99),
        (141, 'NIGERIA', 'Nigerian', 566, 'NG', 'NGA', 'Nigerian', 99),
        (142, 'NIGER', 'Nigerien', 562, 'NE', 'NER', 'Nigerien', 99),
        (143, 'NIU', 'Niuean', 570, 'NU', 'NIU', 'Niuean', 99),
        (144, 'NFK', 'Norfolk Islander', 574, 'NF', 'NFK', 'Norfolk Islander', 99),
        (145, 'NKOR', 'North Korean', 408, 'KP', 'PRK', 'North Korean', 99),
        (146, 'NORW', 'Norwegian', 578, 'NO', 'NOR', 'Norwegian', 99),
        (147, 'OMAN', 'Omani', 512, 'OM', 'OMN', 'Omani', 99),
        (148, 'PAKN', 'Pakistani', 586, 'PK', 'PAK', 'Pakistani', 99),
        (149, 'PALA', 'Palauan', 585, 'PW', 'PLW', 'Palauan', 99),
        (150, 'PSE', 'Palestinian', 275, 'PS', 'PSE', 'Palestinian', 99),
        (151, 'PANA', 'Panamanian', 591, 'PA', 'PAN', 'Panamanian', 99),
        (152, 'PNGU', 'Papua New Guinean', 598, 'PG', 'PNG', 'Papua New Guinean', 99),
        (153, 'PARA', 'Paraguayan', 600, 'PY', 'PRY', 'Paraguayan', 99),
        (154, 'PERU', 'Peruvian', 604, 'PE', 'PER', 'Peruvian', 99),
        (155, 'PCN', 'Pitcairn Islander', 612, 'PN', 'PCN', 'Pitcairn Islander', 99),
        (156, 'POLE', 'Polish', 616, 'PL', 'POL', 'Polish', 99),
        (157, 'PORTU', 'Portuguese', 620, 'PT', 'PRT', 'Portuguese', 99),
        (158, 'PRI', 'Puerto Rican', 630, 'PR', 'PRI', 'Puerto Rican', 99),
        (159, 'QUAT', 'Qatari', 634, 'QA', 'QAT', 'Qatari', 99),
        (160, 'ROMA', 'Romanian', 642, 'RO', 'ROU', 'Romanian', 99),
        (161, 'RUSS', 'Russian', 643, 'RU', 'RUS', 'Russian', 99),
        (162, 'RWAN', 'Rwandan', 646, 'RW', 'RWA', 'Rwandan', 99),
        (163, 'SH', 'Saint Helenian', 654, 'SH', 'SHN', 'Saint Helenian', 99),
        (164, 'STLU', 'Saint Lucian', 662, 'LC', 'LCA', 'Saint Lucian', 99),
        (165, 'SALV', 'Salvadoran', 222, 'SV', 'SLV', 'Salvadorean', 99),
        (166, 'SAMO', 'Samoan', 16, 'AS', 'ASM', 'Samoan', 99),
        (167, 'SANM', 'San Marinese', 674, 'SM', 'SMR', 'Sanmarinese', 99),
        (168, 'SAARA', 'Saudi Arabian', 682, 'SA', 'SAU', 'Saudi Arabian', 99),
        (169, 'SENE', 'Senegalese', 686, 'SN', 'SEN', 'Senegalese', 99),
        (170, 'SRB', 'Serb', 688, 'RS', 'SRB', 'Serbian', 99),
        (171, 'SEYC', 'Seychellois', 690, 'SC', 'SYC', 'Seychellois', 99),
        (172, 'SILE', 'Sierra Leonean', 694, 'SL', 'SLE', 'Sierra Leonean', 99),
        (173, 'SING', 'Singaporean', 702, 'SG', 'SGP', 'Singaporean', 99),
        (174, 'SLOV', 'Slovak', 703, 'SK', 'SVK', 'Slovakian', 99),
        (175, 'SLENE', 'Slovene', 705, 'SI', 'SVN', 'Slovenian', 99),
        (176, 'SOLO', 'Solomon Islander', 90, 'SB', 'SLB', 'Solomon Islander', 99),
        (177, 'SOMA', 'Somalian', 706, 'SO', 'SOM', 'Somali', 99),
        (178, 'SOAFR', 'South African', 710, 'ZA', 'ZAF', 'South African', 99),
        (179, 'SKOR', 'South Korean', 410, 'KR', 'KOR', 'South Korean', 99),
        (180, 'SPAN', 'Spaniard', 724, 'ES', 'ESP', 'Spanish', 99),
        (181, 'SRIL', 'Sri Lankan', 144, 'LK', 'LKA', 'Sri Lankan', 99),
        (182, 'SUDAN', 'Sudanese', 729, 'SD', 'SDN', 'Sudanese', 99),
        (183, 'SURIN', 'Surinamer', 740, 'SR', 'SUR', 'Surinamer', 99),
        (184, 'SWAZI', 'Swazi', 748, 'SZ', 'SWZ', 'Swazi', 99),
        (185, 'SWEDE', 'Swede', 752, 'SE', 'SWE', 'Swedish', 99),
        (186, 'SWIS', 'Swiss', 756, 'CH', 'CHE', 'Swiss', 99),
        (187, 'SYRI', 'Syrian', 760, 'SY', 'SYR', 'Syrian', 99),
        (188, 'TAIW', 'Taiwanese', 158, 'TW', 'TWN', 'Taiwanese', 99),
        (189, 'TA', 'Tajikistani', 762, 'TJ', 'TJK', 'Tajikistani', 99),
        (190, 'TANZ', 'Tanzanian', 834, 'TZ', 'TZA', 'Tanzanian', 99),
        (191, 'THAI', 'Thai', 764, 'TH', 'THA', 'Thai', 99),
        (192, 'TOGO', 'Togolese', 768, 'TG', 'TGO', 'Togolese', 99),
        (193, 'TKL', 'Tokelauan', 772, 'TK', 'TKL', 'Tokelauan', 99),
        (194, 'TNGA', 'Tongan', 776, 'TO', 'TON', 'Tongan', 99),
        (195, 'TRIN', 'Trinidadian, Tobagonian', 780, 'TT', 'TTO', 'Trinidadian', 99),
        (196, 'TUNI', 'Tunisian', 788, 'TN', 'TUN', 'Tunisian', 99),
        (197, 'TURK', 'Turk', 792, 'TR', 'TUR', 'Turkish', 99),
        (198, 'TU', 'Turkmen', 795, 'TM', 'TKM', 'Turkmen', 99),
        (199, 'TV', 'Tuvaluan', 798, 'TV', 'TUV', 'Tuvaluan', 99),
        (200, 'UGAN', 'Ugandan', 800, 'UG', 'UGA', 'Ugandan', 99),
        (201, 'UKRA', 'Ukrainian', 804, 'UA', 'UKR', 'Ukrainian', 99),
        (202, 'URUG', 'Uruguayan', 858, 'UY', 'URY', 'Uruguayan', 99),
        (203, 'UZBE', 'Uzbekistani', 860, 'UZ', 'UZB', 'Uzbekistani', 99),
        (204, 'VENE', 'Venezuelan', 862, 'VE', 'VEN', 'Venezuelan', 99),
        (205, 'VIET', 'Vietnamese', 704, 'VN', 'VNM', 'Vietnamese', 99),
        (206, 'VG', 'Virgin Islander', 92, 'VG', 'VGB', 'Virgin Islander', 99),
        (207, 'YEMIN', 'Yemenite', 887, 'YE', 'YEM', 'Yemeni', 99),
        (208, 'ZAM', 'Zambian', 894, 'ZM', 'ZMB', 'Zambian', 99),
        (209, 'ZIM', 'Zimbabwean', 716, 'ZW', 'ZWE', 'Zimbabwean', 99),
        (210, 'AXL', '≈landic', 248, 'AX', 'ALA', '≈landic', 99),
        (211, 'AQT', 'Antarctic', 10, 'AQ', 'ATA', 'Antarctic', 99),
        (212, 'BSE', 'Bahameese', 44, 'BS', 'BHS', 'Bahameese', 99),
        (213, 'BLE', 'BarthÈlemois', 652, 'BL', 'BLM', 'BarthÈlemois', 99),
        (214, 'CCI', 'Cocossian', 166, 'CC', 'CCK', 'Cocossian', 99),
        (215, 'CWA', 'CuraÁaoan', 531, 'CW', 'CUW', 'CuraÁaoan', 99),
        (216, 'DMN', 'Dominican', 212, 'DM', 'DMA', 'Dominican', 99),
        (217, 'FKI', 'Falkland Islander', 238, 'FK', 'FLK', 'Falkland Islander', 99),
        (218, 'GWB', 'Guinean', 624, 'GW', 'GNB', 'Guinean', 99),
        (219, 'HOK', 'Hong Konger', 344, 'HK', 'HKG', 'Hong Konger', 99),
        (220, 'MOE', 'Macanese', 446, 'MO', 'MAC', 'Macanese', 99),
        (221, 'IOM', 'Manx', 833, 'IM', 'IMN', 'Manx', 99),
        (222, 'MQN', 'Martinican', 474, 'MQ', 'MTQ', 'Martinican', 99),
        (223, 'LSO', 'Mosotho', 426, 'LS', 'LSO', 'Mosotho', 99),
        (224, 'UMM', 'Myanmarese', 104, 'MM', 'MMR', 'Myanmarese', 99),
        (225, 'NMP', 'Northern Mariana Islander', 580, 'MP', 'MNP', 'Northern Mariana Islander', 99),
        (226, 'STP', 'S„o Tomean', 678, 'ST', 'STP', 'S„o Tomean', 99),
        (227, 'SVG', 'Saint Vincentian', 670, 'VC', 'VCT', 'Saint Vincentian', 99),
        (228, 'SPM', 'Saint-Pierrais', 666, 'PM', 'SPM', 'Saint-Pierrais', 99),
        (229, 'WSO', 'Samoan', 882, 'WS', 'WSM', 'Samoan', 99),
        (230, 'SSD', 'Sudanese', 728, 'SS', 'SSD', 'Sudanese', 99),
        (231, 'TIL', 'Timorese', 626, 'TL', 'TLS', 'Timorese', 99),
        (232, 'TCI', 'Turks and Caicos Islander', 796, 'TC', 'TCA', 'Turks and Caicos Islander', 99),
        (233, 'VGI', 'Virgin Islander', 850, 'VI', 'VIR', 'Virgin Islander', 99),
        (234, 'WFI', 'Wallisian', 876, 'WF', 'WLF', 'Wallisian', 99),
        (235, 'ESH', 'Western Saharan', 732, 'EH', 'ESH', 'Western Saharan', 99),
        (236, 'ASM', 'American Samoan', 1000, 'u0', 'un0', 'unknown0', 99),
        (237, 'BAHA', 'Bahamian', 1001, 'u1', 'un1', 'unknown1', 99),
        (238, 'LS', 'Basotho', 1002, 'u2', 'un2', 'unknown2', 99),
        (239, 'BURM', 'Burmese', 1003, 'u3', 'un3', 'unknown3', 99),
        (240, 'CCK', 'Cocos Islander', 1004, 'u4', 'un4', 'unknown4', 99),
        (241, 'CONR', 'Congolese (Congo, Republic of)', 1005, 'u5', 'un5', 'unknown5', 99),
        (242, 'AN', 'Dutch Antillean', 1006, 'u6', 'un6', 'unknown6', 99),
        (243, 'EATIM', 'East Timorese', 1007, 'u7', 'un7', 'unknown7', 99),
        (244, 'KOS', 'Kosovan', 1008, 'u8', 'un8', 'unknown8', 99),
        (245, 'MTQ', 'Martiniquais', 1009, 'u9', 'un9', 'unknown9', 99),
        (246, 'REF', 'Refused', 1010, 'x1', 'xn1', 'unknown10', 99),
        (247, 'REU', 'Reunionese', 1011, 'x2', 'xn2', 'unknown11', 99),
        (248, 'WA', 'Sahrawi', 1012, 'x3', 'xn3', 'unknown12', 99),
        (249, 'STP', 'Sao Tomean', 1013, 'x4', 'xn4', 'unknown13', 99),
        (250, 'SECR', 'Serb or Croat', 1014, 'x5', 'xn5', 'unknown14', 99),
        (251, 'SSUDAN', 'South Sudanese', 1015, 'x6', 'xn6', 'unknown15', 99),
        (252, 'STATE', 'Stateless', 1016, 'x7', 'xn7', 'unknown16', 99),
        (253, 'UNKNOWN', 'Unknown', 1017, 'x8', 'xn8', 'unknown17', 99),
        (254, 'VC', 'Vincentian', 1018, 'x9', 'xn9', 'unknown18', 99);


Insert into language_reference (launguage_id, nomis_code, nomis_description, display_sequence, iso_alpha3,
                                iso_alpha2, iso_language_desc)
values
    (1, 'ALB', 'Albanian', 2, 'alb', 'sq', 'Albanian'),
(2, 'AMH', 'Amharic', 99, 'amh', 'am', 'Amharic'),
(3, 'ARA', 'Arabic', 2, 'ara', 'ar', 'Arabic'),
(4, 'ARM-HYE', 'Armenian', 99, 'arm', 'hy', 'Armenian'),
(5, 'ASM', 'Assamese', 99, 'asm', 'as', 'Assamese'),
(6, 'AZE', 'Azerbaijani', 99, 'aze', 'az', 'Azerbaijani'),
(7, 'BAQ-EUS', 'Basque', 99, 'baq', 'eu', 'Basque'),
(8, 'BEL', 'Belarusian', 99, 'bel', 'be', 'Belarusian'),
(9, 'BEN', 'Bengali', 99, 'ben', 'bn', 'Bengali'),
(10, 'BOS', 'Bosnian', 2, 'bos', 'bs', 'Bosnian'),
(11, 'BRE', 'Breton', 99, 'bre', 'br', 'Breton'),
(12, 'BUL', 'Bulgarian', 2, 'bul', 'bg', 'Bulgarian'),
(13, 'BUR-MYA', 'Burmese', 99, 'bur', 'my', 'Burmese'),
(14, 'CAT', 'Catalan; Valencian', 99, 'cat', 'ca', 'Catalan; Valencian'),
(15, 'CHE', 'Chechen', 99, 'che', 'ce', 'Chechen'),
(16, 'CHI-ZHO', 'Chinese', 99, 'chi', 'zh', 'Chinese'),
(17, 'COR', 'Cornish', 99, 'cor', 'kw', 'Cornish'),
(18, 'COS', 'Corsican', 99, 'cos', 'co', 'Corsican'),
(19, 'SCR-HRV', 'Croatian', 2, 'hrv', 'hr', 'Croatian'),
(20, 'CZE-CES', 'Czech', 2, 'cze', 'cs', 'Czech'),
(21, 'DAN', 'Danish', 2, 'dan', 'da', 'Danish'),
(22, 'DUT-NLD', 'Dutch; Flemish', 2, 'dut', 'nl', 'Dutch; Flemish'),
(23, 'ENG', 'English', 1, 'eng', 'en', 'English'),
(24, 'EST', 'Estonian', 2, 'est', 'et', 'Estonian'),
(25, 'FAO', 'Faroese', 99, 'fao', 'fo', 'Faroese'),
(26, 'FIJ', 'Fijian', 99, 'fij', 'fj', 'Fijian'),
(27, 'FIN', 'Finnish', 2, 'fin', 'fi', 'Finnish'),
(28, 'FRE-FRA', 'French', 2, 'fre', 'fr', 'French'),
(29, 'GLA', 'Gaelic; Scottish Gaelic', 99, 'gla', 'gd', 'Gaelic; Scottish Gaelic'),
(30, 'GEO-KAT', 'Georgian', 2, 'geo', 'ka', 'Georgian'),
(31, 'GER-DEU', 'German', 2, 'ger', 'de', 'German'),
(32, 'GRE-ELL', 'Greek, Modern (1453-)' ,2, 'gre', 'el', 'Greek, Modern (1453-)'),
(33, 'GUJ', 'Gujerati', 99, 'guj', 'gu', 'Gujarati'),
(34, 'HEB', 'Hebrew', 99, 'heb', 'he', 'Hebrew'),
(35, 'HIN', 'Hindi', 99, 'hin', 'hi', 'Hindi'),
(36, 'HUN', 'Hungarian', 2, 'hun', 'hu', 'Hungarian'),
(37, 'ICE-ISL', 'Icelandic', 99, 'ice', 'is', 'Icelandic'),
(38, 'GLE', 'Irish', 99, 'gle', 'ga', 'Irish'),
(39, 'ITA', 'Italian', 2, 'ita', 'it', 'Italian'),
(40, 'JPN', 'Japanese', 99, 'jpn', 'ja', 'Japanese'),
(41, 'KON', 'Konkani', 99, 'kon', 'kg', 'Kongo'),
(42, 'KOR', 'Korean', 99, 'kor', 'ko', 'Korean'),
(43, 'KUR', 'Kurdish', 99, 'kur', 'ku', 'Kurdish'),
(44, 'LAV', 'Latvian', 2, 'lav', 'lv', 'Latvian'),
(45, 'LIN', 'Lingala', 99, 'lin', 'ln', 'Lingala'),
(46, 'LIT', 'Lithuanian', 2, 'lit', 'lt', 'Lithuanian'),
(47, 'MAC-MKD', 'Macedonian', 2, 'mac', 'mk', 'Macedonian'),
(48, 'MAY-MSA', 'Malay', 99, 'may', 'ms', 'Malay'),
(49, 'MLT', 'Maltese', 99, 'mlt', 'mt', 'Maltese'),
(50, 'GLV', 'Manx', 99, 'glv', 'gv', 'Manx'),
(51, 'MAO-MRI', 'Maori', 99, 'mao', 'mi', 'Maori'),
(52, 'MAR', 'Marathi', 99, 'mar', 'mr', 'Marathi'),
(53, 'NOR', 'Norwegian', 2, 'nor', 'no', 'Norwegian'),
(54, 'PER', 'Persian', 99, 'per', 'fa', 'Persian'),
(55, 'POL', 'Polish', 2, 'pol', 'pl', 'Polish'),
(56, 'POR', 'Portuguese', 2, 'por', 'pt', 'Portuguese'),
(57, 'RUS', 'Russian', 2, 'rus', 'ru', 'Russian'),
(58, 'SIN', 'Sinhala/Sinhalese', 99, 'sin', 'si', 'Sinhala; Sinhalese'),
(59, 'SLO-SLK', 'Slovak', 2, 'slo', 'sk', 'Slovak'),
(60, 'SLV', 'Slovenian', 2, 'slv', 'sl', 'Slovenian'),
(61, 'SOM', 'Somali', 99, 'som', 'so', 'Somali'),
(62, 'SPA', 'Spanish; Castilian', 2, 'spa', 'es', 'Spanish; Castilian'),
(63, 'SWA', 'Swahili', 99, 'swa', 'sw', 'Swahili'),
(64, 'SWE', 'Swedish', 2, 'swe', 'sv', 'Swedish'),
(65, 'TGL', 'Tagalog', 99, 'tgl', 'tl', 'Tagalog'),
(66, 'TAM', 'Tamil', 99, 'tam', 'ta', 'Tamil'),
(67, 'THA', 'Thai', 99, 'tha', 'th', 'Thai'),
(68, 'TUR', 'Turkish', 2, 'tur', 'tr', 'Turkish'),
(69, 'UKR', 'Ukrainian', 2, 'ukr', 'uk', 'Ukrainian'),
(70, 'URD', 'Urdu', 99, 'urd', 'ur', 'Urdu'),
(71, 'VIE', 'Vietnamese', 99, 'vie', 'vi', 'Vietnamese'),
(72, 'WEL-CYM', 'Welsh', 1, 'wel', 'cy', 'Welsh'),
(73, 'WOL', 'Wolof', 99, 'wol', 'wo', 'Wolof'),
(74, 'XHO', 'Xhosa', 99, 'xho', 'xh', 'Xhosa'),
(75, 'YOR', 'Yoruba', 99, 'yor', 'yo', 'Yoruba'),
(76, 'ZUL', 'Zulu', 99, 'zul', 'zu', 'Zulu'),
(77, 'AFR', 'Afrikaans', 99, 'an1', 'a1', 'unknown1'),
(78, 'AFA', 'Afro-Asiatic (Other)', 99, 'an2', 'a2', 'unknown2'),
(79, 'AHA', 'Amharic', 99, 'an3', 'a3', 'unknown3'),
(80, 'ASP', 'Andalusian Spanish', 2, 'an4', 'a4', 'unknown4'),
(81, 'AUS', 'Australian languages', 99, 'an5', 'a5', 'unknown5'),
(82, 'BAT', 'Baltic (Other)', 99, 'an6', 'a6', 'unknown6'),
(83, 'BSL', 'British Sign Language', 1, 'an7', 'a7', 'unknown7'),
(84, 'CAR', 'Carib', 99, 'an8', 'a8', 'unknown8'),
(85, 'CEL', 'Celtic (Other)', 99, 'an9', 'a9', 'unknown9'),
(86, 'CSP', 'Chilean Spanish', 99, 'bn1', 'b1', 'unknown10'),
(87, 'ZHA', 'Chuang; Zhuang', 99, 'bn2', 'b2', 'unknown11'),
(88, 'DAR', 'Dari', 99, 'bn3', 'b3', 'unknown12'),
(89, 'ETS', 'Etsako', 99, 'bn4', 'b4', 'unknown13'),
(90, 'FAR', 'Farsi', 99, 'bn5', 'b5', 'unknown14'),
(91, 'KAL', 'Greenlandic; Kalaallisut', 99, 'bn6', 'b6', 'unknown15'),
(92, 'IGB', 'Igbo', 99, 'bn7', 'b7', 'unknown16'),
(93, 'LSP', 'Latin American Spanish', 99, 'bn8', 'b8', 'unknown17'),
(94, 'LEB', 'Lebanese', 99, 'bn9', 'b9', 'unknown18'),
(95, 'LTZ', 'Letzeburgesch; Luxembourgish', 99, 'cn1', 'c1', 'unknown19'),
(96, 'MAN', 'Mandarin', 99, 'cn2', 'c2', 'unknown20'),
(97, 'MOL', 'Moldavian', 99, 'cn3', 'c3', 'unknown21'),
(98, 'NOB', 'Norwegian, Bokmal', 99, 'cn4', 'c4', 'unknown22'),
(99, 'PAP', 'Papiamento/Papiamentu', 99, 'cn5', 'c5', 'unknown23'),
(100, 'PAS', 'Pashto/Pushto', 99, 'cn6', 'c6', 'unknown24'),
(101, 'PAT', 'Patois', 99, 'cn7', 'c7', 'unknown25'),
(102, 'FAS', 'Persian', 99, 'cn8', 'c8', 'unknown26'),
(103, 'PHI', 'Philippine (Other)', 99, 'cn9', 'c9', 'unknown27'),
(104, 'PRA', 'Prakrit languages', 99, 'dn1', 'd1', 'unknown28'),
(105, 'PAN', 'Punjabi; Panjabi', 99, 'dn2', 'd2', 'unknown29'),
(106, 'PUS', 'Pushto', 99, 'dn3', 'd3', 'unknown30'),
(107, 'RIK', 'Rikiga', 99, 'dn4', 'd4', 'unknown31'),
(108, 'RUM-RON', 'Romanian', 2, 'dn5', 'd5', 'unknown32'),
(109, 'ROM', 'Romany', 2, 'dn6', 'd6', 'unknown33'),
(110, 'SCO', 'Scots', 1, 'dn7', 'd7', 'unknown34'),
(111, 'SEN', 'Senegalese', 99, 'dn8', 'd8', 'unknown35'),
(112, 'SCC-SRP', 'Serbian', 2, 'dn9', 'd9', 'unknown36'),
(113, 'SHK', 'Shkodra', 2, 'en1', 'e1', 'unknown37'),
(114, 'SHO', 'Shona', 99, 'en2', 'e2', 'unknown38'),
(115, 'SLA', 'Slavic (Other)', 2, 'en3', 'e3', 'unknown39'),
(116, 'SUDARA', 'Sudanese Arabic', 99, 'en4', 'e4', 'unknown40'),
(117, 'TAJ', 'Tajik/Tajiki/Tadzhiki', 99, 'en5', 'e5', 'unknown41'),
(118, 'TIG', 'Tigrina', 99, 'en6', 'e6', 'unknown42'),
(119, 'ABK', 'Abkhazian', 99, 'abk', 'ab', 'Abkhazian'),
(120, 'AAR', 'Afar', 99, 'aar', 'aa', 'Afar'),
--(121, 'AFR', 'Afrikaans', 99, 'afr', 'af', 'Afrikaans'),
(122, 'AKA', 'Akan', 99, 'aka', 'ak', 'Akan'),
(123, 'ARG', 'Aragonese', 99, 'arg', 'an', 'Aragonese'),
(124, 'AVA', 'Avaric', 99, 'ava', 'av', 'Avaric'),
(125, 'AVE', 'Avestan', 99, 'ave', 'ae', 'Avestan'),
(126, 'AYM', 'Aymara', 99, 'aym', 'ay', 'Aymara'),
(127, 'BAM', 'Bambara', 99, 'bam', 'bm', 'Bambara'),
(128, 'BAK', 'Bashkir', 99, 'bak', 'ba', 'Bashkir'),
(129, 'BIH', 'Bihari languages', 99, 'bih', 'bh', 'Bihari languages'),
(130, 'BIS', 'Bislama', 99, 'bis', 'bi', 'Bislama'),
(131, 'NOB', 'Bokm‚àö‚Ä¢l, Norwegian; Norwegian Bokm‚àö‚Ä¢l', 99, 'nob', 'nb','Bokm‚àö‚Ä¢l, Norwegian; Norwegian Bokm‚àö‚Ä¢l'),
(132, 'KHM', 'Central Khmer', 99, 'khm', 'km', 'Central Khmer'),
(133, 'CHA', 'Chamorro', 99, 'cha', 'ch', 'Chamorro'),
(134, 'NYA', 'Chichewa; Chewa; Nyanja', 99, 'nya', 'ny', 'Chichewa; Chewa; Nyanja'),
(135, 'CHU', 'Church Slavic; Old Slavonic; Church Slavonic; Old Bulgarian; Old Church Slavonic', 99, 'chu', 'cu','Church Slavic; Old Slavonic; Church Slavonic; Old Bulgarian; Old Church Slavonic'),
(136, 'CHV', 'Chuvash', 99, 'chv', 'cv', 'Chuvash'),
(137, 'CRE', 'Cree', 99, 'cre', 'cr', 'Cree'),
(138, 'DIV', 'Divehi; Dhivehi; Maldivian', 99, 'div', 'dv', 'Divehi; Dhivehi; Maldivian'),
(139, 'DZO', 'Dzongkha', 99, 'dzo', 'dz', 'Dzongkha'),
(140, 'EPO', 'Esperanto', 99, 'epo', 'eo', 'Esperanto'),
(141, 'EWE', 'Ewe', 99, 'ewe', 'ee', 'Ewe'), -- iso codes valid
(142, 'FUL', 'Fulah', 99, 'ful', 'ff', 'Fulah'),
(143, 'GLG', 'Galician', 99, 'glg', 'gl', 'Galician'),
(144, 'LUG', 'Ganda', 99, 'lug', 'lg', 'Ganda'),
(145, 'GRN', 'Guarani', 99, 'grn', 'gn', 'Guarani'),
(146, 'HAT', 'Haitian; Haitian Creole', 99, 'hat', 'ht', 'Haitian; Haitian Creole'),
(147, 'HAU', 'Hausa', 99, 'hau', 'ha', 'Hausa'),
(148, 'HER', 'Herero', 99, 'her', 'hz', 'Herero'),
(149, 'HMO', 'Hiri Motu', 99, 'hmo', 'ho', 'Hiri Motu'),
(150, 'IDO', 'Ido', 99, 'ido', 'io', 'Ido'), --iso
(151, 'IBO', 'Igbo', 99, 'ibo', 'ig', 'Igbo'),
(152, 'IND', 'Indonesian', 99, 'ind', 'id', 'Indonesian'),
(153, 'INA', 'Interlingua (International Auxiliary Language Association)', 99, 'ina', 'ia', 'Interlingua (International Auxiliary Language Association)'),
(154, 'ILE', 'Interlingue; Occidental', 99, 'ile', 'ie', 'Interlingue; Occidental'),
(155, 'IKU', 'Inuktitut', 99, 'iku', 'iu', 'Inuktitut'),
(156, 'IPK', 'Inupiaq', 99, 'ipk', 'ik', 'Inupiaq'),
(157, 'JAV', 'Javanese', 99, 'jav', 'jv', 'Javanese'),
(158, 'KAL', 'Kalaallisut; Greenlandic', 99, 'kal', 'kl', 'Kalaallisut; Greenlandic'),
(159, 'KAN', 'Kannada', 99, 'kan', 'kn', 'Kannada'),
(160, 'KAU', 'Kanuri', 99, 'kau', 'kr', 'Kanuri'),
(161, 'KAS', 'Kashmiri', 99, 'kas', 'ks', 'Kashmiri'),
(162, 'KAZ', 'Kazakh', 99, 'kaz', 'kk', 'Kazakh'),
(163, 'KIK', 'Kikuyu; Gikuyu', 99, 'kik', 'ki', 'Kikuyu; Gikuyu'),
(164, 'KIN', 'Kinyarwanda', 99, 'kin', 'rw', 'Kinyarwanda'),
(165, 'KIR', 'Kirghiz; Kyrgyz', 99, 'kir', 'ky', 'Kirghiz; Kyrgyz'),
(166, 'KOM', 'Komi', 99, 'kom', 'kv', 'Komi'),
(167, 'KUA', 'Kuanyama; Kwanyama', 99, 'kua', 'kj', 'Kuanyama; Kwanyama'),
(168, 'LAO', 'Lao', 99, 'lao', 'lo', 'Lao'),--valid iso data
(169, 'LAT', 'Latin', 99, 'lat', 'la', 'Latin'),
(170, 'LIM', 'Limburgan; Limburger; Limburgish', 99, 'lim', 'li', 'Limburgan; Limburger; Limburgish'),
(171, 'LUB', 'Luba-Katanga', 99, 'lub', 'lu', 'Luba-Katanga'),
(172, 'LTZ', 'Luxembourgish; Letzeburgesch', 99, 'ltz', 'lb', 'Luxembourgish; Letzeburgesch'),
(173, 'MLG', 'Malagasy', 99, 'mlg', 'mg', 'Malagasy'),
(174, 'MAL', 'Malayalam', 99, 'mal', 'ml', 'Malayalam'),
(175, 'MAH', 'Marshallese', 99, 'mah', 'mh', 'Marshallese'),
(176, 'MON', 'Mongolian', 99, 'mon', 'mn', 'Mongolian'),
(177, 'NAU', 'Nauru', 99, 'nau', 'na', 'Nauru'),
(178, 'NAV', 'Navajo; Navaho', 99, 'nav', 'nv', 'Navajo; Navaho'),
(179, 'NDE', 'Ndebele, North; North Ndebele', 99, 'nde', 'nd', 'Ndebele, North; North Ndebele'),
(180, 'NBL', 'Ndebele, South; South Ndebele', 99, 'nbl', 'nr', 'Ndebele, South; South Ndebele'),
(181, 'NDO', 'Ndonga', 99, 'ndo', 'ng', 'Ndonga'),
(182, 'NEP', 'Nepali', 99, 'nep', 'ne', 'Nepali'),
(183, 'SME', 'Northern Sami', 99, 'sme', 'se', 'Northern Sami'),
(184, 'NNO', 'Norwegian Nynorsk; Nynorsk, Norwegian', 99, 'nno', 'nn', 'Norwegian Nynorsk; Nynorsk, Norwegian'),
(185, 'OCI', 'Occitan (post 1500); Proven‚àö√üal', 99, 'oci', 'oc', 'Occitan (post 1500); Proven‚àö√üal'),
(186, 'OJI', 'Ojibwa', 99, 'oji', 'oj', 'Ojibwa'),
(187, 'ORI', 'Oriya', 99, 'ori', 'or', 'Oriya'),
(188, 'ORM', 'Oromo', 99, 'orm', 'om', 'Oromo'),
(189, 'OSS', 'Ossetian; Ossetic', 99, 'oss', 'os', 'Ossetian; Ossetic'),
(190, 'PLI', 'Pali', 99, 'pli', 'pi', 'Pali'),
(191, 'PAN', 'Panjabi; Punjabi', 99, 'pan', 'pa', 'Panjabi; Punjabi'),
(192, 'PUS', 'Pushto; Pashto', 99, 'pus', 'ps', 'Pushto; Pashto'),
(193, 'QUE', 'Quechua', 99, 'que', 'qu', 'Quechua'),
(194, 'RUM', 'Romanian; Moldavian; Moldovan', 99, 'rum', 'ro', 'Romanian; Moldavian; Moldovan'),
(195, 'ROH', 'Romansh', 99, 'roh', 'rm', 'Romansh'),
(196, 'RUN', 'Rundi', 99, 'run', 'rn', 'Rundi'),
(197, 'SMO', 'Samoan', 99, 'smo', 'sm', 'Samoan'),
(198, 'SAG', 'Sango', 99, 'sag', 'sg', 'Sango'),
(199, 'SAN', 'Sanskrit', 99, 'san', 'sa', 'Sanskrit'),
(200, 'SRD', 'Sardinian', 99, 'srd', 'sc', 'Sardinian'),
(201, 'SRP', 'Serbian', 99, 'srp', 'sr', 'Serbian'),
(202, 'SNA', 'Shona', 99, 'sna', 'sn', 'Shona'),
(203, 'III', 'Sichuan Yi; Nuosu', 99, 'iii', 'ii', 'Sichuan Yi; Nuosu'),
(204, 'SND', 'Sindhi', 99, 'snd', 'sd', 'Sindhi'),
(205, 'SOT', 'Sotho, Southern', 99, 'sot', 'st', 'Sotho, Southern'),
(206, 'SUN', 'Sundanese', 99, 'sun', 'su', 'Sundanese'),
(207, 'SSW', 'Swati', 99, 'ssw', 'ss', 'Swati'),
(208, 'TAH', 'Tahitian', 99, 'tah', 'ty', 'Tahitian'),
(209, 'TGK', 'Tajik', 99, 'tgk', 'tg', 'Tajik'),
(210, 'TAT', 'Tatar', 99, 'tat', 'tt', 'Tatar'),
(211, 'TEL', 'Telugu', 99, 'tel', 'te', 'Telugu'),
(212, 'TIB', 'Tibetan', 99, 'tib', 'bo', 'Tibetan'),
(213, 'TIR', 'Tigrinya', 99, 'tir', 'ti', 'Tigrinya'),
(214, 'TON', 'Tonga (Tonga Islands)', 99, 'ton', 'to', 'Tonga (Tonga Islands)'),
(215, 'TSO', 'Tsonga', 99, 'tso', 'ts', 'Tsonga'),
(216, 'TSN', 'Tswana', 99, 'tsn', 'tn', 'Tswana'),
(217, 'TUK', 'Turkmen', 99, 'tuk', 'tk', 'Turkmen'),
(218, 'TWI', 'Twi', 99, 'twi', 'tw', 'Twi'),
(219, 'UIG', 'Uighur; Uyghur', 99, 'uig', 'ug', 'Uighur; Uyghur'),
(220, 'UZB', 'Uzbek', 99, 'uzb', 'uz', 'Uzbek'),
(221, 'VEN', 'Venda', 99, 'ven', 've', 'Venda'),
(222, 'VOL', 'Volap‚àö¬∫k', 99, 'vol', 'vo', 'Volap‚àö¬∫k'),
(223, 'WLN', 'Walloon', 99, 'wln', 'wa', 'Walloon'),
(224, 'FRY', 'Western Frisian', 99, 'fry', 'fy', 'Western Frisian'),
(225, 'YID', 'Yiddish', 99, 'yid', 'yi', 'Yiddish'),
(226, 'ZHA', 'Zhuang; Chuang', 99, 'zha', 'za', 'Zhuang; Chuang');


-- End